date,page,clicks,impressions,position
2026-07-27|https://shirodo.com/,https://shirodo.com/,0,5,
2026-07-27|https://shirodo.com/100meijo/,https://shirodo.com/100meijo/,0,22,
2026-07-27|https://shirodo.com/guide/mochimono/,https://shirodo.com/guide/mochimono/,1,8,
2026-07-28|https://shirodo.com/,https://shirodo.com/,0,1,
2026-07-28|https://shirodo.com/100meijo/,https://shirodo.com/100meijo/,0,19,
2026-07-28|https://shirodo.com/guide/mochimono/,https://shirodo.com/guide/mochimono/,1,7,
2026-07-29|https://shirodo.com/,https://shirodo.com/,1,1,
2026-07-29|https://shirodo.com/100meijo/,https://shirodo.com/100meijo/,0,17,
2026-07-29|https://shirodo.com/guide/mochimono/,https://shirodo.com/guide/mochimono/,1,6,
2026-07-29|https://shirodo.com/shindan/,https://shirodo.com/shindan/,0,2,
2026-07-30|https://shirodo.com/,https://shirodo.com/,1,1,
2026-07-30|https://shirodo.com/100meijo/,https://shirodo.com/100meijo/,0,19,
2026-07-30|https://shirodo.com/guide/mochimono/,https://shirodo.com/guide/mochimono/,1,7,
2026-07-30|https://shirodo.com/shindan/,https://shirodo.com/shindan/,0,2,
2026-07-31|https://shirodo.com/,https://shirodo.com/,1,1,
2026-07-31|https://shirodo.com/100meijo/,https://shirodo.com/100meijo/,0,26,
2026-07-31|https://shirodo.com/guide/mochimono/,https://shirodo.com/guide/mochimono/,0,11,
2026-07-31|https://shirodo.com/shindan/,https://shirodo.com/shindan/,0,2,
2026-08-01|https://shirodo.com/,https://shirodo.com/,1,4,
2026-08-01|https://shirodo.com/100meijo/,https://shirodo.com/100meijo/,0,33,
2026-08-01|https://shirodo.com/guide/mochimono/,https://shirodo.com/guide/mochimono/,0,20,
2026-08-01|https://shirodo.com/shindan/,https://shirodo.com/shindan/,0,3,
2026-08-02|https://shirodo.com/,https://shirodo.com/,1,12,5.5
2026-08-02|https://shirodo.com/100meijo/,https://shirodo.com/100meijo/,0,63,44.3
2026-08-02|https://shirodo.com/guide/mochimono/,https://shirodo.com/guide/mochimono/,1,32,6.3
2026-08-02|https://shirodo.com/shindan/,https://shirodo.com/shindan/,0,6,3.8
2026-08-03|https://shirodo.com/,https://shirodo.com/,1,12,5.5
2026-08-03|https://shirodo.com/100meijo/,https://shirodo.com/100meijo/,0,61,45.5
2026-08-03|https://shirodo.com/guide/mochimono/,https://shirodo.com/guide/mochimono/,1,31,6.4
2026-08-03|https://shirodo.com/shindan/,https://shirodo.com/shindan/,0,6,3.8
2026-08-04|https://shirodo.com/,https://shirodo.com/,1,14,4.9
2026-08-04|https://shirodo.com/100meijo/,https://shirodo.com/100meijo/,0,72,46.6
2026-08-04|https://shirodo.com/guide/mochimono/,https://shirodo.com/guide/mochimono/,2,37,6.1
2026-08-04|https://shirodo.com/shindan/,https://shirodo.com/shindan/,0,8,4.2
2026-08-05|https://shirodo.com/,https://shirodo.com/,1,15,5.1
2026-08-05|https://shirodo.com/100meijo/,https://shirodo.com/100meijo/,0,78,44.8
2026-08-05|https://shirodo.com/guide/mochimono/,https://shirodo.com/guide/mochimono/,2,47,6.0
2026-08-05|https://shirodo.com/shindan/,https://shirodo.com/shindan/,0,10,4.0
2026-08-06|https://shirodo.com/,https://shirodo.com/,0,17,5.9
2026-08-06|https://shirodo.com/100meijo/,https://shirodo.com/100meijo/,1,87,44.6
2026-08-06|https://shirodo.com/guide/mochimono/,https://shirodo.com/guide/mochimono/,2,48,6.0
2026-08-06|https://shirodo.com/shindan/,https://shirodo.com/shindan/,0,10,4.1
2026-08-07|https://shirodo.com/,https://shirodo.com/,0,20,5.7
2026-08-07|https://shirodo.com/100meijo/,https://shirodo.com/100meijo/,2,89,41.3
2026-08-07|https://shirodo.com/guide/mochimono/,https://shirodo.com/guide/mochimono/,2,49,6.0
2026-08-07|https://shirodo.com/shindan/,https://shirodo.com/shindan/,0,10,4.1
2026-08-08|https://shirodo.com/,https://shirodo.com/,1,27,5.9
2026-08-08|https://shirodo.com/100meijo/,https://shirodo.com/100meijo/,2,102,34.7
2026-08-08|https://shirodo.com/guide/mochimono/,https://shirodo.com/guide/mochimono/,3,51,5.8
2026-08-08|https://shirodo.com/shindan/,https://shirodo.com/shindan/,0,10,4.1
2026-08-09|https://shirodo.com/,https://shirodo.com/,1,26,5.2
2026-08-09|https://shirodo.com/100meijo/,https://shirodo.com/100meijo/,3,107,32.7
2026-08-09|https://shirodo.com/guide/mochimono/,https://shirodo.com/guide/mochimono/,5,50,5.5
2026-08-09|https://shirodo.com/privacy/,https://shirodo.com/privacy/,0,1,4.0
2026-08-09|https://shirodo.com/shindan/,https://shirodo.com/shindan/,0,9,4.4
2026-08-10|https://shirodo.com/,https://shirodo.com/,1,21,5.3
2026-08-10|https://shirodo.com/100meijo/,https://shirodo.com/100meijo/,3,86,26.8
2026-08-10|https://shirodo.com/guide/mochimono/,https://shirodo.com/guide/mochimono/,5,43,5.1
2026-08-10|https://shirodo.com/privacy/,https://shirodo.com/privacy/,0,1,4.0
2026-08-10|https://shirodo.com/shindan/,https://shirodo.com/shindan/,0,9,4.4
2026-08-11|https://shirodo.com/,https://shirodo.com/,1,19,5.2
2026-08-11|https://shirodo.com/100meijo/,https://shirodo.com/100meijo/,3,79,27.7
2026-08-11|https://shirodo.com/guide/mochimono/,https://shirodo.com/guide/mochimono/,4,39,5.1
2026-08-11|https://shirodo.com/privacy/,https://shirodo.com/privacy/,0,1,4.0
2026-08-11|https://shirodo.com/shindan/,https://shirodo.com/shindan/,0,6,4.0
2026-08-12|https://shirodo.com/,https://shirodo.com/,1,21,6.1
2026-08-12|https://shirodo.com/100meijo/,https://shirodo.com/100meijo/,4,83,23.8
2026-08-12|https://shirodo.com/guide/mochimono/,https://shirodo.com/guide/mochimono/,4,38,5.1
2026-08-12|https://shirodo.com/privacy/,https://shirodo.com/privacy/,0,1,4.0
2026-08-12|https://shirodo.com/shindan/,https://shirodo.com/shindan/,0,4,3.2
2026-08-13|https://shirodo.com/,https://shirodo.com/,1,22,6.3
2026-08-13|https://shirodo.com/100meijo/,https://shirodo.com/100meijo/,4,108,23.1
2026-08-13|https://shirodo.com/guide/mochimono/,https://shirodo.com/guide/mochimono/,4,38,5.3
2026-08-13|https://shirodo.com/privacy/,https://shirodo.com/privacy/,0,1,4.0
2026-08-13|https://shirodo.com/shindan/,https://shirodo.com/shindan/,0,2,3.5
2026-08-14|https://shirodo.com/,https://shirodo.com/,1,26,7.0
2026-08-14|https://shirodo.com/100meijo/,https://shirodo.com/100meijo/,3,118,20.6
2026-08-14|https://shirodo.com/guide/mochimono/,https://shirodo.com/guide/mochimono/,4,46,5.9
2026-08-14|https://shirodo.com/privacy/,https://shirodo.com/privacy/,0,1,4.0
2026-08-15|https://shirodo.com/,https://shirodo.com/,1,24,7.1
2026-08-15|https://shirodo.com/100meijo/,https://shirodo.com/100meijo/,2,130,20.6
2026-08-15|https://shirodo.com/guide/mochimono/,https://shirodo.com/guide/mochimono/,4,51,5.6
2026-08-15|https://shirodo.com/privacy/,https://shirodo.com/privacy/,0,1,4.0
2026-08-16|https://shirodo.com/,https://shirodo.com/,0,20,7.5
2026-08-16|https://shirodo.com/100meijo/,https://shirodo.com/100meijo/,2,136,24.2
2026-08-16|https://shirodo.com/guide/mochimono/,https://shirodo.com/guide/mochimono/,4,64,5.5
2026-08-16|https://shirodo.com/privacy/,https://shirodo.com/privacy/,0,1,4.0
2026-08-16|https://shirodo.com/shindan/,https://shirodo.com/shindan/,0,2,5.0
2026-08-17|https://shirodo.com/,https://shirodo.com/,0,24,6.8
2026-08-17|https://shirodo.com/100meijo/,https://shirodo.com/100meijo/,3,144,22.2
2026-08-17|https://shirodo.com/guide/mochimono/,https://shirodo.com/guide/mochimono/,2,67,5.6
2026-08-17|https://shirodo.com/shindan/,https://shirodo.com/shindan/,0,3,4.3
2026-08-19|https://shirodo.com/,https://shirodo.com/,0,27,8.3
2026-08-19|https://shirodo.com/100meijo/,https://shirodo.com/100meijo/,3,181,22.7
2026-08-19|https://shirodo.com/guide/mochimono/,https://shirodo.com/guide/mochimono/,3,89,5.6
2026-08-19|https://shirodo.com/privacy/,https://shirodo.com/privacy/,0,1,11.0
2026-08-19|https://shirodo.com/shindan/,https://shirodo.com/shindan/,0,5,5.4
2026-08-20|https://shirodo.com/,https://shirodo.com/,0,25,8.4
2026-08-20|https://shirodo.com/100meijo/,https://shirodo.com/100meijo/,2,183,21.5
2026-08-20|https://shirodo.com/guide/mochimono/,https://shirodo.com/guide/mochimono/,2,98,5.5
2026-08-20|https://shirodo.com/privacy/,https://shirodo.com/privacy/,0,1,11.0
2026-08-20|https://shirodo.com/shindan/,https://shirodo.com/shindan/,0,6,5.3
2026-08-21|https://shirodo.com/,https://shirodo.com/,0,27,7.7
2026-08-21|https://shirodo.com/100meijo/,https://shirodo.com/100meijo/,2,172,20.9
2026-08-21|https://shirodo.com/guide/mochimono/,https://shirodo.com/guide/mochimono/,3,98,5.2
2026-08-21|https://shirodo.com/privacy/,https://shirodo.com/privacy/,0,4,7.5
2026-08-21|https://shirodo.com/shindan/,https://shirodo.com/shindan/,0,8,4.6
2026-08-21|https://shirodo.com/support/,https://shirodo.com/support/,0,2,4.0
2026-08-22|https://shirodo.com/,https://shirodo.com/,0,21,6.7
2026-08-22|https://shirodo.com/100meijo/,https://shirodo.com/100meijo/,3,180,20.2
2026-08-22|https://shirodo.com/guide/mochimono/,https://shirodo.com/guide/mochimono/,3,103,4.3
2026-08-22|https://shirodo.com/privacy/,https://shirodo.com/privacy/,0,4,7.5
2026-08-22|https://shirodo.com/shindan/,https://shirodo.com/shindan/,0,8,4.6
2026-08-22|https://shirodo.com/support/,https://shirodo.com/support/,0,2,4.0
2026-08-23|https://shirodo.com/,https://shirodo.com/,0,31,7.1
2026-08-23|https://shirodo.com/100meijo/,https://shirodo.com/100meijo/,4,189,19.4
2026-08-23|https://shirodo.com/guide/mochimono/,https://shirodo.com/guide/mochimono/,4,105,4.2
2026-08-23|https://shirodo.com/privacy/,https://shirodo.com/privacy/,0,5,6.4
2026-08-23|https://shirodo.com/shindan/,https://shirodo.com/shindan/,0,9,4.8
2026-08-23|https://shirodo.com/support/,https://shirodo.com/support/,0,2,4.0
2026-08-28|https://shirodo.com/,https://shirodo.com/,0,28,5.2
2026-08-28|https://shirodo.com/100meijo/,https://shirodo.com/100meijo/,4,146,12.6
2026-08-28|https://shirodo.com/guide/kiroku/,https://shirodo.com/guide/kiroku/,1,3,8.0
2026-08-28|https://shirodo.com/guide/mochimono/,https://shirodo.com/guide/mochimono/,2,60,4.4
2026-08-28|https://shirodo.com/privacy/,https://shirodo.com/privacy/,0,6,5.7
2026-08-28|https://shirodo.com/shindan/,https://shirodo.com/shindan/,0,4,4.8
2026-08-28|https://shirodo.com/support/,https://shirodo.com/support/,0,2,4.0
2026-08-29|https://shirodo.com/,https://shirodo.com/,0,27,5.3
2026-08-29|https://shirodo.com/100meijo/,https://shirodo.com/100meijo/,5,126,12.2
2026-08-29|https://shirodo.com/guide/kiroku/,https://shirodo.com/guide/kiroku/,1,3,8.0
2026-08-29|https://shirodo.com/guide/mochimono/,https://shirodo.com/guide/mochimono/,1,49,4.5
2026-08-29|https://shirodo.com/privacy/,https://shirodo.com/privacy/,0,3,5.0
2026-08-29|https://shirodo.com/shindan/,https://shirodo.com/shindan/,0,2,7.0
2026-08-30|https://shirodo.com/,https://shirodo.com/,0,32,5.0
2026-08-30|https://shirodo.com/100meijo/,https://shirodo.com/100meijo/,5,119,15.7
2026-08-30|https://shirodo.com/guide/kiroku/,https://shirodo.com/guide/kiroku/,1,5,6.6
2026-08-30|https://shirodo.com/guide/mochimono/,https://shirodo.com/guide/mochimono/,1,46,5.3
2026-08-30|https://shirodo.com/privacy/,https://shirodo.com/privacy/,0,3,5.0
2026-08-30|https://shirodo.com/shindan/,https://shirodo.com/shindan/,0,4,7.5
2026-09-01|https://shirodo.com/,https://shirodo.com/,1,30,4.6
2026-09-01|https://shirodo.com/100meijo/,https://shirodo.com/100meijo/,4,120,14.7
2026-09-01|https://shirodo.com/guide/kiroku/,https://shirodo.com/guide/kiroku/,1,7,7.3
2026-09-01|https://shirodo.com/guide/mochimono/,https://shirodo.com/guide/mochimono/,1,37,5.8
2026-09-01|https://shirodo.com/privacy/,https://shirodo.com/privacy/,0,1,9.0
2026-09-01|https://shirodo.com/shindan/,https://shirodo.com/shindan/,0,3,8.0
2026-09-02|https://shirodo.com/,https://shirodo.com/,2,34,3.9
2026-09-02|https://shirodo.com/100meijo/,https://shirodo.com/100meijo/,3,120,18.1
2026-09-02|https://shirodo.com/guide/kiroku/,https://shirodo.com/guide/kiroku/,1,7,7.3
2026-09-02|https://shirodo.com/guide/level/,https://shirodo.com/guide/level/,1,4,4.2
2026-09-02|https://shirodo.com/guide/mochimono/,https://shirodo.com/guide/mochimono/,1,32,6.7
2026-09-02|https://shirodo.com/privacy/,https://shirodo.com/privacy/,0,2,8.5
2026-09-02|https://shirodo.com/shindan/,https://shirodo.com/shindan/,0,3,8.0
