date,query,clicks,impressions,position
2026-07-27|城跡 一覧,城跡 一覧,0,2,
2026-07-27|城道,城道,0,2,
2026-07-27|日本のお城,日本のお城,0,1,
2026-07-27|福岡城 スタンプ設置場所,福岡城 スタンプ設置場所,0,1,
2026-07-28|お 城 ランキング 100,お 城 ランキング 100,0,1,
2026-07-28|日本のお城,日本のお城,0,1,
2026-07-28|福岡城 スタンプ設置場所,福岡城 スタンプ設置場所,0,1,
2026-07-29|お 城 ランキング 100,お 城 ランキング 100,0,1,
2026-07-29|日本のお城,日本のお城,0,1,
2026-07-30|100 名城,100 名城,0,1,
2026-07-30|お 城 ランキング 100,お 城 ランキング 100,0,1,
2026-07-30|日本のお城,日本のお城,0,1,
2026-07-30|現存 城,現存 城,0,1,
2026-07-31|100 名城,100 名城,0,1,
2026-07-31|お 城 ランキング 100,お 城 ランキング 100,0,1,
2026-07-31|古城 どこの城,古城 どこの城,0,1,
2026-07-31|国宝 の城 一覧,国宝 の城 一覧,0,1,
2026-07-31|国宝の城 一覧,国宝の城 一覧,0,2,
2026-07-31|城跡一覧,城跡一覧,0,2,
2026-07-31|日本のお城,日本のお城,0,1,
2026-07-31|現存 城,現存 城,0,1,
2026-08-01|100 名城,100 名城,0,1,
2026-08-01|100名城,100名城,0,1,
2026-08-01|100名城マップ,100名城マップ,0,1,
2026-08-01|お 城 ランキング 100,お 城 ランキング 100,0,1,
2026-08-01|古城 どこの城,古城 どこの城,0,1,
2026-08-01|国宝 の城 一覧,国宝 の城 一覧,0,1,
2026-08-01|国宝の城 一覧,国宝の城 一覧,0,2,
2026-08-01|城跡一覧,城跡一覧,0,2,
2026-08-01|日本のお城,日本のお城,0,1,
2026-08-01|現存 城,現存 城,0,1,
2026-08-02|100 名城,100 名城,0,1,91.0
2026-08-02|100名城,100名城,0,1,46.0
2026-08-02|100名城マップ,100名城マップ,0,1,115.0
2026-08-02|shirodo,shirodo,0,1,2.0
2026-08-02|お 城 ランキング 100,お 城 ランキング 100,0,2,71.0
2026-08-02|古城 どこの城,古城 どこの城,0,1,47.0
2026-08-02|国宝 の 城 一覧,国宝 の 城 一覧,0,1,64.0
2026-08-02|国宝 の城 一覧,国宝 の城 一覧,0,1,60.0
2026-08-02|国宝の城 一覧,国宝の城 一覧,0,2,59.0
2026-08-02|城 名前,城 名前,0,1,67.0
2026-08-02|城 日本,城 日本,0,1,75.0
2026-08-02|城の種類,城の種類,0,1,56.0
2026-08-02|城日本,城日本,0,1,68.0
2026-08-02|城跡一覧,城跡一覧,0,2,85.0
2026-08-02|城道,城道,0,2,2.0
2026-08-02|日本 名城,日本 名城,0,1,69.0
2026-08-02|日本 名城 100,日本 名城 100,0,1,56.0
2026-08-02|日本 山城,日本 山城,0,1,55.0
2026-08-02|日本のお城,日本のお城,0,1,122.0
2026-08-02|日本の百名城,日本の百名城,0,1,20.0
2026-08-02|現存 城,現存 城,0,1,
2026-08-03|100 名城,100 名城,0,1,91.0
2026-08-03|100名城,100名城,0,1,46.0
2026-08-03|100名城マップ,100名城マップ,0,1,115.0
2026-08-03|shirodo,shirodo,0,1,2.0
2026-08-03|お 城 ランキング 100,お 城 ランキング 100,0,2,71.0
2026-08-03|古城 どこの城,古城 どこの城,0,1,47.0
2026-08-03|国宝 の 城 一覧,国宝 の 城 一覧,0,1,64.0
2026-08-03|国宝 の城 一覧,国宝 の城 一覧,0,1,60.0
2026-08-03|国宝の城 一覧,国宝の城 一覧,0,2,59.0
2026-08-03|城 名前,城 名前,0,1,67.0
2026-08-03|城 日本,城 日本,0,1,75.0
2026-08-03|城の種類,城の種類,0,1,56.0
2026-08-03|城日本,城日本,0,1,68.0
2026-08-03|城跡一覧,城跡一覧,0,2,85.0
2026-08-03|城道,城道,0,2,2.0
2026-08-03|日本 名城,日本 名城,0,1,69.0
2026-08-03|日本 名城 100,日本 名城 100,0,1,56.0
2026-08-03|日本 山城,日本 山城,0,1,55.0
2026-08-03|日本のお城,日本のお城,0,1,122.0
2026-08-03|日本の百名城,日本の百名城,0,1,20.0
2026-08-04|100 名城,100 名城,0,1,91.0
2026-08-04|100名城,100名城,0,2,45.0
2026-08-04|100名城マップ,100名城マップ,0,1,115.0
2026-08-04|shirodo,shirodo,0,2,1.5
2026-08-04|お 城 ランキング 100,お 城 ランキング 100,0,2,71.0
2026-08-04|全国 城 一覧,全国 城 一覧,0,2,54.0
2026-08-04|古城 どこの城,古城 どこの城,0,1,47.0
2026-08-04|国宝 の 城 一覧,国宝 の 城 一覧,0,1,64.0
2026-08-04|国宝 の城 一覧,国宝 の城 一覧,0,1,60.0
2026-08-04|国宝の城 一覧,国宝の城 一覧,0,2,59.0
2026-08-04|城 名前,城 名前,0,1,67.0
2026-08-04|城 日本,城 日本,0,1,75.0
2026-08-04|城の種類,城の種類,0,1,56.0
2026-08-04|城日本,城日本,0,1,68.0
2026-08-04|城跡一覧,城跡一覧,0,2,85.0
2026-08-04|城道,城道,0,2,2.0
2026-08-04|日本 名城,日本 名城,0,1,69.0
2026-08-04|日本 名城 100,日本 名城 100,0,1,56.0
2026-08-04|日本 山城,日本 山城,0,1,55.0
2026-08-04|日本の城の数,日本の城の数,0,1,65.0
2026-08-05|100 名城,100 名城,0,1,91.0
2026-08-05|100名城,100名城,0,2,45.0
2026-08-05|100名城マップ,100名城マップ,0,1,115.0
2026-08-05|shirodo,shirodo,0,2,1.5
2026-08-05|お 城 ランキング 100,お 城 ランキング 100,0,1,68.0
2026-08-05|全国 城 一覧,全国 城 一覧,0,2,54.0
2026-08-05|古城 どこの城,古城 どこの城,0,1,47.0
2026-08-05|国宝 の 城 一覧,国宝 の 城 一覧,0,1,64.0
2026-08-05|国宝 の城 一覧,国宝 の城 一覧,0,1,60.0
2026-08-05|国宝の城 一覧,国宝の城 一覧,0,2,59.0
2026-08-05|城 名前,城 名前,0,1,67.0
2026-08-05|城 日本,城 日本,0,1,75.0
2026-08-05|城の数 日本,城の数 日本,0,1,70.0
2026-08-05|城の種類,城の種類,0,1,56.0
2026-08-05|城日本,城日本,0,1,68.0
2026-08-05|城跡一覧,城跡一覧,0,2,85.0
2026-08-05|城道,城道,0,2,2.0
2026-08-05|日本 名城,日本 名城,0,1,69.0
2026-08-05|日本 名城 100,日本 名城 100,0,1,56.0
2026-08-05|日本 山城,日本 山城,0,1,55.0
2026-08-06|100 名城,100 名城,0,2,73.0
2026-08-06|100名城,100名城,0,2,45.0
2026-08-06|100名城マップ,100名城マップ,0,1,115.0
2026-08-06|shirodo,shirodo,0,2,1.5
2026-08-06|お 城 ランキング 100,お 城 ランキング 100,0,1,68.0
2026-08-06|全国 城 一覧,全国 城 一覧,0,2,54.0
2026-08-06|古城 どこの城,古城 どこの城,0,1,47.0
2026-08-06|国宝 の 城 一覧,国宝 の 城 一覧,0,1,64.0
2026-08-06|国宝 の城 一覧,国宝 の城 一覧,0,1,60.0
2026-08-06|国宝の城 一覧,国宝の城 一覧,0,2,59.0
2026-08-06|城 名前,城 名前,0,1,67.0
2026-08-06|城 日本,城 日本,0,1,75.0
2026-08-06|城の数 日本,城の数 日本,0,1,70.0
2026-08-06|城の種類,城の種類,0,1,56.0
2026-08-06|城日本,城日本,0,1,68.0
2026-08-06|城跡一覧,城跡一覧,0,2,85.0
2026-08-06|城道,城道,0,2,2.0
2026-08-06|日本 100 名城,日本 100 名城,0,1,57.0
2026-08-06|日本 名城,日本 名城,0,1,69.0
2026-08-06|日本 名城 100,日本 名城 100,0,1,56.0
2026-08-07|100 名城,100 名城,0,1,55.0
2026-08-07|100名城,100名城,0,2,45.0
2026-08-07|100名城マップ,100名城マップ,0,1,115.0
2026-08-07|shirodo,shirodo,0,2,1.5
2026-08-07|お 城 ランキング 100,お 城 ランキング 100,0,1,68.0
2026-08-07|全国 城 一覧,全国 城 一覧,0,2,54.0
2026-08-07|古城 どこの城,古城 どこの城,0,1,47.0
2026-08-07|国宝 の 城 一覧,国宝 の 城 一覧,0,1,64.0
2026-08-07|国宝 の城 一覧,国宝 の城 一覧,0,1,60.0
2026-08-07|国宝の城 一覧,国宝の城 一覧,0,2,59.0
2026-08-07|城 名前,城 名前,0,1,67.0
2026-08-07|城 日本,城 日本,0,1,75.0
2026-08-07|城の数 日本,城の数 日本,0,1,70.0
2026-08-07|城の種類,城の種類,0,1,56.0
2026-08-07|城日本,城日本,0,1,68.0
2026-08-07|城跡一覧,城跡一覧,0,2,85.0
2026-08-07|城道,城道,0,3,2.0
2026-08-07|日本 100 名城,日本 100 名城,0,1,57.0
2026-08-07|日本 名城,日本 名城,0,1,69.0
2026-08-07|日本 名城 100,日本 名城 100,0,1,56.0
"2026-08-08|""龍勢"" ""作成中"" ""城めぐり"" アプリ","""龍勢"" ""作成中"" ""城めぐり"" アプリ",0,1,10.0
"2026-08-08|""龍勢作成中"" 城めぐり アプリ","""龍勢作成中"" 城めぐり アプリ",0,1,11.0
2026-08-08|100 名城,100 名城,0,1,55.0
2026-08-08|100名城,100名城,0,3,36.3
2026-08-08|100名城マップ,100名城マップ,0,1,115.0
2026-08-08|shirodo,shirodo,0,2,1.5
2026-08-08|お 城 ランキング 100,お 城 ランキング 100,0,1,68.0
2026-08-08|全国 城 一覧,全国 城 一覧,0,2,54.0
2026-08-08|国宝 の 城 一覧,国宝 の 城 一覧,0,1,64.0
2026-08-08|城 名前,城 名前,0,1,67.0
2026-08-08|城 日本,城 日本,0,1,75.0
2026-08-08|城の数 日本,城の数 日本,0,1,70.0
2026-08-08|城の種類,城の種類,0,1,56.0
2026-08-08|城日本,城日本,0,1,68.0
2026-08-08|城道,城道,0,3,2.0
2026-08-08|日本 100 名城,日本 100 名城,0,1,57.0
2026-08-08|日本 の 国宝 の 城,日本 の 国宝 の 城,0,1,69.0
2026-08-08|日本 名城,日本 名城,0,1,69.0
2026-08-08|日本 名城 100,日本 名城 100,0,1,56.0
2026-08-08|日本 山城,日本 山城,0,1,55.0
"2026-08-09|""龍勢"" ""作成中"" ""城めぐり"" アプリ","""龍勢"" ""作成中"" ""城めぐり"" アプリ",0,1,10.0
"2026-08-09|""龍勢作成中"" 城めぐり アプリ","""龍勢作成中"" 城めぐり アプリ",0,1,11.0
2026-08-09|100 名城,100 名城,0,1,55.0
2026-08-09|100名城,100名城,0,2,31.5
2026-08-09|shiredo,shiredo,0,1,2.0
2026-08-09|shirodo,shirodo,0,2,1.5
2026-08-09|お 城 ランキング 100,お 城 ランキング 100,0,1,68.0
2026-08-09|全国 城 一覧,全国 城 一覧,0,2,54.0
2026-08-09|国宝 の 城 一覧,国宝 の 城 一覧,0,2,68.0
2026-08-09|城 名前,城 名前,0,1,67.0
2026-08-09|城 日本,城 日本,0,1,75.0
2026-08-09|城の数 日本,城の数 日本,0,1,70.0
2026-08-09|城の種類,城の種類,0,1,56.0
2026-08-09|城日本,城日本,0,1,68.0
2026-08-09|城道,城道,0,4,2.0
2026-08-09|日本 100 名城,日本 100 名城,0,1,57.0
2026-08-09|日本 の 国宝 の 城,日本 の 国宝 の 城,0,1,69.0
2026-08-09|日本 名城,日本 名城,0,1,69.0
2026-08-09|日本 名城 100,日本 名城 100,0,1,56.0
2026-08-09|日本 山城,日本 山城,0,1,55.0
"2026-08-10|""龍勢"" ""作成中"" ""城めぐり"" アプリ","""龍勢"" ""作成中"" ""城めぐり"" アプリ",0,1,10.0
"2026-08-10|""龍勢作成中"" 城めぐり アプリ","""龍勢作成中"" 城めぐり アプリ",0,1,11.0
2026-08-10|100 名城,100 名城,0,1,55.0
2026-08-10|100名城,100名城,0,2,31.5
2026-08-10|shiredo,shiredo,0,1,2.0
2026-08-10|shirodo,shirodo,0,1,1.0
2026-08-10|全国 城 一覧,全国 城 一覧,0,2,54.0
2026-08-10|国宝 の 城 一覧,国宝 の 城 一覧,0,1,72.0
2026-08-10|城の数 日本,城の数 日本,0,1,70.0
2026-08-10|城道,城道,0,4,2.0
2026-08-10|日本 100 名城,日本 100 名城,0,1,57.0
2026-08-10|日本 の 国宝 の 城,日本 の 国宝 の 城,0,1,69.0
2026-08-10|日本 名城,日本 名城,0,1,69.0
2026-08-10|日本 名城 100,日本 名城 100,0,1,56.0
2026-08-10|日本 山城,日本 山城,0,1,55.0
2026-08-10|日本100名城,日本100名城,0,1,14.0
2026-08-10|日本の城の数,日本の城の数,0,1,65.0
2026-08-10|日本名城百選,日本名城百選,0,1,21.0
2026-08-10|有名 城,有名 城,0,1,76.0
2026-08-10|現存 城,現存 城,0,1,84.0
"2026-08-11|""龍勢"" ""作成中"" ""城めぐり"" アプリ","""龍勢"" ""作成中"" ""城めぐり"" アプリ",0,1,10.0
"2026-08-11|""龍勢作成中"" 城めぐり アプリ","""龍勢作成中"" 城めぐり アプリ",0,1,11.0
2026-08-11|100 名城,100 名城,0,1,55.0
2026-08-11|100名城,100名城,0,2,31.5
2026-08-11|shiredo,shiredo,0,1,2.0
2026-08-11|shirodo,shirodo,0,1,1.0
2026-08-11|全国 城 一覧,全国 城 一覧,0,2,54.0
2026-08-11|国宝 の 城 一覧,国宝 の 城 一覧,0,1,72.0
2026-08-11|城の数 日本,城の数 日本,0,1,70.0
2026-08-11|城道,城道,0,3,2.0
2026-08-11|日本 100 名城,日本 100 名城,0,1,57.0
2026-08-11|日本 の 国宝 の 城,日本 の 国宝 の 城,0,1,69.0
2026-08-11|日本100名城,日本100名城,0,1,14.0
2026-08-11|日本の城の数,日本の城の数,0,1,65.0
2026-08-11|日本名城百選,日本名城百選,0,1,21.0
2026-08-11|有名 城,有名 城,0,1,76.0
2026-08-11|現存 城,現存 城,0,1,84.0
2026-08-11|現存城,現存城,0,1,80.0
2026-08-11|百名城,百名城,0,5,8.0
2026-08-11|百名城 続百名城,百名城 続百名城,0,1,93.0
"2026-08-12|""龍勢"" ""作成中"" ""城めぐり"" アプリ","""龍勢"" ""作成中"" ""城めぐり"" アプリ",0,1,10.0
"2026-08-12|""龍勢作成中"" 城めぐり アプリ","""龍勢作成中"" 城めぐり アプリ",0,1,11.0
2026-08-12|100 名城,100 名城,0,1,55.0
2026-08-12|100名城,100名城,0,2,17.0
2026-08-12|shiredo,shiredo,0,1,2.0
2026-08-12|国宝 の 城 一覧,国宝 の 城 一覧,0,1,72.0
2026-08-12|城の数 日本,城の数 日本,0,1,70.0
2026-08-12|城道,城道,0,3,2.0
2026-08-12|日本 100 名城,日本 100 名城,0,1,57.0
2026-08-12|日本 の 名城,日本 の 名城,0,2,60.5
2026-08-12|日本 の 国宝 の 城,日本 の 国宝 の 城,0,1,69.0
2026-08-12|日本100名城,日本100名城,0,1,14.0
2026-08-12|日本の 有名な城一覧,日本の 有名な城一覧,0,1,45.0
2026-08-12|日本の名城,日本の名城,0,1,63.0
2026-08-12|日本名城百選,日本名城百選,0,1,21.0
2026-08-12|百 城,百 城,0,1,58.0
2026-08-12|百名城,百名城,0,5,8.0
2026-08-12|百名城 続百名城,百名城 続百名城,0,1,93.0
2026-08-12|続 百名 城 マップ,続 百名 城 マップ,0,1,65.0
"2026-08-13|""龍勢"" ""作成中"" ""城めぐり"" アプリ","""龍勢"" ""作成中"" ""城めぐり"" アプリ",0,1,10.0
"2026-08-13|""龍勢作成中"" 城めぐり アプリ","""龍勢作成中"" 城めぐり アプリ",0,1,11.0
2026-08-13|100 名城,100 名城,0,4,50.0
2026-08-13|100名城,100名城,0,5,13.2
2026-08-13|100名城 チェック リスト,100名城 チェック リスト,0,1,30.0
2026-08-13|shiredo,shiredo,0,1,2.0
2026-08-13|国宝 の 城 一覧,国宝 の 城 一覧,0,1,72.0
2026-08-13|城道,城道,0,3,2.0
2026-08-13|忘れた,忘れた,0,1,1.0
2026-08-13|日本 100 名城,日本 100 名城,0,2,60.5
2026-08-13|日本 の 名城,日本 の 名城,0,2,60.5
2026-08-13|日本 の 国宝 の 城,日本 の 国宝 の 城,0,1,69.0
2026-08-13|日本 城跡,日本 城跡,0,2,80.5
2026-08-13|日本100名城,日本100名城,0,1,14.0
2026-08-13|日本の 有名な城一覧,日本の 有名な城一覧,0,1,45.0
2026-08-13|日本の名城,日本の名城,0,1,63.0
2026-08-13|日本名城百選,日本名城百選,0,1,21.0
2026-08-13|日本百名城,日本百名城,0,1,54.0
2026-08-13|百 城,百 城,0,1,58.0
2026-08-13|百名城,百名城,0,5,8.0
"2026-08-14|""龍勢"" ""作成中"" ""城めぐり"" アプリ","""龍勢"" ""作成中"" ""城めぐり"" アプリ",0,1,10.0
"2026-08-14|""龍勢作成中"" 城めぐり アプリ","""龍勢作成中"" 城めぐり アプリ",0,1,11.0
2026-08-14|100 名城,100 名城,0,3,48.3
2026-08-14|100名城,100名城,0,5,13.2
2026-08-14|100名城 チェック リスト,100名城 チェック リスト,0,1,30.0
2026-08-14|shiredo,shiredo,0,1,2.0
2026-08-14|国宝 の 城 一覧,国宝 の 城 一覧,0,1,72.0
2026-08-14|城 アプリ,城 アプリ,0,1,16.0
2026-08-14|城道,城道,0,3,2.0
2026-08-14|忘れた,忘れた,0,1,1.0
2026-08-14|日本 100 名城,日本 100 名城,0,2,76.0
2026-08-14|日本 の 名城,日本 の 名城,0,2,60.5
2026-08-14|日本 の 国宝 の 城,日本 の 国宝 の 城,0,1,69.0
2026-08-14|日本 名城,日本 名城,0,1,78.0
2026-08-14|日本 名城 100,日本 名城 100,0,1,18.0
2026-08-14|日本 城跡,日本 城跡,0,2,80.5
2026-08-14|日本100名城,日本100名城,0,2,23.5
2026-08-14|日本の 有名な城一覧,日本の 有名な城一覧,0,1,45.0
2026-08-14|日本の名城,日本の名城,0,1,63.0
2026-08-14|日本名城百選,日本名城百選,0,1,21.0
"2026-08-15|""龍勢"" ""作成中"" ""城めぐり"" アプリ","""龍勢"" ""作成中"" ""城めぐり"" アプリ",0,1,10.0
"2026-08-15|""龍勢作成中"" 城めぐり アプリ","""龍勢作成中"" 城めぐり アプリ",0,1,11.0
2026-08-15|100 名城,100 名城,0,3,48.3
2026-08-15|100名城,100名城,0,5,13.2
2026-08-15|100名城 チェック リスト,100名城 チェック リスト,0,1,30.0
2026-08-15|100名城続100名城,100名城続100名城,0,1,73.0
2026-08-15|shiredo,shiredo,0,1,2.0
2026-08-15|国宝 の 城 一覧,国宝 の 城 一覧,0,1,72.0
2026-08-15|城 アプリ,城 アプリ,0,1,16.0
2026-08-15|城 城主 一覧,城 城主 一覧,0,2,46.5
2026-08-15|城道,城道,0,2,2.0
2026-08-15|忘れた,忘れた,0,1,1.0
2026-08-15|日本 100 名城,日本 100 名城,0,2,76.0
2026-08-15|日本 の 名城,日本 の 名城,0,2,60.5
2026-08-15|日本 の 国宝 の 城,日本 の 国宝 の 城,0,1,69.0
2026-08-15|日本 名城,日本 名城,0,1,78.0
2026-08-15|日本 名城 100,日本 名城 100,0,1,18.0
2026-08-15|日本 城跡,日本 城跡,0,2,80.5
2026-08-15|日本100名城,日本100名城,0,2,23.5
2026-08-15|日本の 有名な城一覧,日本の 有名な城一覧,0,1,45.0
2026-08-16|100 名城,100 名城,0,3,48.3
2026-08-16|100名城,100名城,0,5,11.6
2026-08-16|100名城 チェック リスト,100名城 チェック リスト,0,1,30.0
2026-08-16|100名城続100名城,100名城続100名城,0,1,73.0
2026-08-16|shiredo,shiredo,0,1,2.0
2026-08-16|名城100選,名城100選,0,1,64.0
2026-08-16|国宝 の 城 一覧,国宝 の 城 一覧,0,1,72.0
2026-08-16|城 アプリ,城 アプリ,0,1,16.0
2026-08-16|城 スタンプラリー,城 スタンプラリー,0,1,5.0
2026-08-16|城 城主 一覧,城 城主 一覧,0,2,46.5
2026-08-16|城道,城道,0,2,2.0
2026-08-16|御城印帳 100名城,御城印帳 100名城,0,1,1.0
2026-08-16|忘れた,忘れた,0,1,1.0
2026-08-16|日本 100 名城,日本 100 名城,0,2,76.0
2026-08-16|日本 100 名城 ランキング,日本 100 名城 ランキング,0,1,60.0
2026-08-16|日本 の 名城,日本 の 名城,0,2,60.5
2026-08-16|日本 名城,日本 名城,0,1,78.0
2026-08-16|日本 名城 100,日本 名城 100,0,1,18.0
2026-08-16|日本 城跡,日本 城跡,0,2,80.5
2026-08-16|日本 百名 城 マップ,日本 百名 城 マップ,0,1,77.0
2026-08-17|100 名城,100 名城,0,3,48.3
2026-08-17|100名城,100名城,0,5,11.6
2026-08-17|100名城 チェック リスト,100名城 チェック リスト,0,1,30.0
2026-08-17|100名城続100名城,100名城続100名城,0,1,73.0
2026-08-17|お城巡り スタンプ帳,お城巡り スタンプ帳,0,1,1.0
2026-08-17|サイト！,サイト！,0,1,3.0
2026-08-17|名城100選,名城100選,0,1,64.0
2026-08-17|城 アプリ,城 アプリ,0,1,16.0
2026-08-17|城 スタンプラリー,城 スタンプラリー,0,1,5.0
2026-08-17|城 城主 一覧,城 城主 一覧,0,2,46.5
2026-08-17|城道,城道,1,5,2.0
2026-08-17|御城印帳 100名城,御城印帳 100名城,0,1,1.0
2026-08-17|忘れた,忘れた,0,1,1.0
2026-08-17|日本 100 名城,日本 100 名城,0,2,76.0
2026-08-17|日本 100 名城 ランキング,日本 100 名城 ランキング,0,1,60.0
2026-08-17|日本 の 名城,日本 の 名城,0,2,60.5
2026-08-17|日本 名城,日本 名城,0,1,78.0
2026-08-17|日本 名城 100,日本 名城 100,0,1,18.0
2026-08-17|日本 城跡,日本 城跡,0,2,80.5
2026-08-17|百名城,百名城,1,3,19.7
2026-08-19|100 名城,100 名城,0,3,48.3
2026-08-19|100名城,100名城,0,5,11.6
2026-08-19|100名城 チェック リスト,100名城 チェック リスト,0,1,30.0
2026-08-19|100名城続100名城,100名城続100名城,0,1,73.0
2026-08-19|shirodo,shirodo,0,1,11.0
2026-08-19|お城巡り スタンプ帳,お城巡り スタンプ帳,0,2,3.0
2026-08-19|サイト！,サイト！,0,1,3.0
2026-08-19|名城100,名城100,0,1,19.0
2026-08-19|名城100選,名城100選,0,1,64.0
2026-08-19|城 アプリ,城 アプリ,0,1,16.0
2026-08-19|城 スタンプラリー,城 スタンプラリー,0,1,5.0
2026-08-19|城 城主 一覧,城 城主 一覧,0,2,46.5
2026-08-19|城道,城道,1,5,2.0
2026-08-19|島根県のお城,島根県のお城,0,1,2.0
2026-08-19|御城印帳 100名城,御城印帳 100名城,0,3,1.0
2026-08-19|忘れた,忘れた,0,1,1.0
2026-08-19|日本 100 名城,日本 100 名城,0,2,76.0
2026-08-19|日本 100 名城 ランキング,日本 100 名城 ランキング,0,1,60.0
2026-08-19|日本 の 名城,日本 の 名城,0,2,60.5
2026-08-19|百名城,百名城,1,3,19.7
2026-08-20|100 名城,100 名城,0,3,48.3
2026-08-20|100名城,100名城,0,5,10.0
2026-08-20|100名城 チェック リスト,100名城 チェック リスト,0,2,29.5
2026-08-20|100名城スタンプ帳 入手,100名城スタンプ帳 入手,0,2,1.0
2026-08-20|100名城続100名城,100名城続100名城,0,1,73.0
2026-08-20|shirodo,shirodo,0,1,11.0
2026-08-20|お城 スタンプ帳,お城 スタンプ帳,0,1,3.0
2026-08-20|お城巡り スタンプ帳,お城巡り スタンプ帳,0,2,3.0
2026-08-20|サイト！,サイト！,0,1,3.0
2026-08-20|名城100,名城100,0,1,19.0
2026-08-20|名城100選,名城100選,0,1,64.0
2026-08-20|城 アプリ,城 アプリ,0,1,16.0
2026-08-20|城 スタンプラリー,城 スタンプラリー,0,1,5.0
2026-08-20|城 城主 一覧,城 城主 一覧,0,2,46.5
2026-08-20|城道,城道,1,5,2.0
2026-08-20|島根県 お城,島根県 お城,0,1,3.0
2026-08-20|島根県のお城,島根県のお城,0,1,2.0
2026-08-20|御城印帳 100名城,御城印帳 100名城,0,3,1.0
2026-08-20|忘れた,忘れた,0,1,1.0
2026-08-20|百名城,百名城,1,4,16.8
2026-08-21|100 名城,100 名城,0,3,36.7
2026-08-21|100名城,100名城,0,2,9.0
2026-08-21|100名城 チェック リスト,100名城 チェック リスト,0,1,29.0
2026-08-21|100名城スタンプ帳 おすすめ,100名城スタンプ帳 おすすめ,0,1,1.0
2026-08-21|100名城スタンプ帳 入手,100名城スタンプ帳 入手,0,4,1.0
2026-08-21|100名城続100名城,100名城続100名城,0,1,73.0
2026-08-21|shiredo,shiredo,0,2,2.0
2026-08-21|shirodo,shirodo,0,1,11.0
2026-08-21|お城 スタンプ帳,お城 スタンプ帳,0,1,3.0
2026-08-21|お城巡り スタンプ帳,お城巡り スタンプ帳,0,2,3.0
2026-08-21|サイト！,サイト！,0,1,3.0
2026-08-21|名城100,名城100,0,1,19.0
2026-08-21|名城100選,名城100選,0,1,64.0
2026-08-21|城 アプリ,城 アプリ,0,1,16.0
2026-08-21|城 スタンプラリー,城 スタンプラリー,0,1,5.0
2026-08-21|城 城主 一覧,城 城主 一覧,0,2,46.5
2026-08-21|城道,城道,1,5,2.0
2026-08-21|島根県 お城,島根県 お城,0,1,3.0
2026-08-21|島根県のお城,島根県のお城,0,1,2.0
2026-08-21|百名城,百名城,1,4,16.8
2026-08-22|100 名城,100 名城,0,3,36.7
2026-08-22|100名城,100名城,0,2,9.0
2026-08-22|100名城 スタンプ帳 おすすめ,100名城 スタンプ帳 おすすめ,0,1,1.0
2026-08-22|100名城 チェック リスト,100名城 チェック リスト,0,1,29.0
2026-08-22|100名城スタンプ帳 おすすめ,100名城スタンプ帳 おすすめ,0,2,1.0
2026-08-22|100名城スタンプ帳 どこで 売っ てる,100名城スタンプ帳 どこで 売っ てる,0,1,1.0
2026-08-22|100名城スタンプ帳 入手,100名城スタンプ帳 入手,0,9,1.0
2026-08-22|100名城続100名城,100名城続100名城,0,1,73.0
2026-08-22|shiredo,shiredo,0,2,2.0
2026-08-22|shirodo,shirodo,0,1,11.0
2026-08-22|お城 スタンプ帳,お城 スタンプ帳,0,1,3.0
2026-08-22|お城巡り スタンプ帳,お城巡り スタンプ帳,0,2,3.0
2026-08-22|サイト！,サイト！,0,1,3.0
2026-08-22|名城100,名城100,0,1,19.0
2026-08-22|名城100選,名城100選,0,1,64.0
2026-08-22|城 スタンプラリー,城 スタンプラリー,0,1,5.0
2026-08-22|城 城主 一覧,城 城主 一覧,0,2,46.5
2026-08-22|城道,城道,1,6,1.7
2026-08-22|島根県 お城,島根県 お城,0,1,3.0
2026-08-22|百名城,百名城,1,5,18.2
